ID,Target,TargetLogLoss,TargetRAUC
ID_ED91AC7A28,0.001,0.001,0.001
ID_29975A9C7E,0.0569144825011713,0.0569144825011713,0.0569144825011713
ID_F59CE25650,0.023775163715740965,0.023775163715740965,0.023775163715740965
ID_E875F68D1A,0.001,0.001,0.001
ID_2902B1C0D0,0.001,0.001,0.001
ID_8C3311150A,0.09096938775510204,0.09096938775510204,0.09096938775510204
ID_E7E3D1F707,0.001,0.001,0.001
ID_0883F8130C,0.046661577511424204,0.046661577511424204,0.046661577511424204
ID_E6D3162C31,0.007272727272727273,0.007272727272727273,0.007272727272727273
ID_0E8F96135D,0.0569144825011713,0.0569144825011713,0.0569144825011713
ID_A1CCA8B42F,0.001,0.001,0.001
ID_73C5D07F71,0.0569144825011713,0.0569144825011713,0.0569144825011713
ID_FD558F6981,0.8399903376329731,0.8399903376329731,0.8399903376329731
ID_4CBE0C3ED4,0.11044803960331943,0.11044803960331943,0.11044803960331943
ID_DA7937D406,0.015272727272727271,0.015272727272727271,0.015272727272727271
ID_5C5E622827,0.06390372981299926,0.06390372981299926,0.06390372981299926
ID_B443191D19,0.001,0.001,0.001
ID_C677C4339F,0.3485222004915124,0.3485222004915124,0.3485222004915124
ID_7030A34902,0.001,0.001,0.001
ID_383118FB7C,0.001,0.001,0.001
ID_78642510AF,0.10093744161044291,0.10093744161044291,0.10093744161044291
ID_133E1C78F8,0.007272727272727273,0.007272727272727273,0.007272727272727273
ID_E499CE39F8,0.022619047619047615,0.022619047619047615,0.022619047619047615
ID_5F35203464,0.39489087581530724,0.39489087581530724,0.39489087581530724
ID_88FCEA0F1E,0.046661577511424204,0.046661577511424204,0.046661577511424204
ID_F02AEB66C3,0.01618690862257753,0.01618690862257753,0.01618690862257753
ID_6DDC595C39,0.001,0.001,0.001
ID_5140ED1C47,0.2572868863857599,0.2572868863857599,0.2572868863857599
ID_A1CF053F7A,0.015272727272727271,0.015272727272727271,0.015272727272727271
ID_B2338E13D4,0.2651300236406619,0.2651300236406619,0.2651300236406619
ID_5E4FEFC8CE,0.001,0.001,0.001
ID_C8FFF95929,0.001,0.001,0.001
ID_2980745F43,0.3987083562376756,0.3987083562376756,0.3987083562376756
ID_61CD72F6CE,0.007272727272727273,0.007272727272727273,0.007272727272727273
ID_F010EF7A8A,0.0569144825011713,0.0569144825011713,0.0569144825011713
ID_715BE137A6,0.2205034235916589,0.2205034235916589,0.2205034235916589
ID_0177953F20,0.10652417027417027,0.10652417027417027,0.10652417027417027
ID_42F7F2CE0F,0.10062847866419296,0.10062847866419296,0.10062847866419296
ID_BAD7D54489,0.39144259995323827,0.39144259995323827,0.39144259995323827
ID_4469CD3953,0.903650350538898,0.903650350538898,0.903650350538898
ID_4D18EE25F6,0.001,0.001,0.001
ID_54F726CC26,0.9412698412698413,0.9412698412698413,0.9412698412698413
ID_76FFCF186A,0.999,0.999,0.999
ID_843D804F8C,0.11352272727272728,0.11352272727272728,0.11352272727272728
ID_BB84B1EE82,0.001,0.001,0.001
ID_5BF679D81C,0.015272727272727271,0.015272727272727271,0.015272727272727271
ID_15508CE449,0.7553174603174603,0.7553174603174603,0.7553174603174603
ID_8D9F2F7ACC,0.0569144825011713,0.0569144825011713,0.0569144825011713
ID_27B963FB0B,0.001,0.001,0.001
ID_D8A0C7E8F0,0.7553174603174603,0.7553174603174603,0.7553174603174603
ID_94D06A1758,0.015272727272727271,0.015272727272727271,0.015272727272727271
ID_5356F4FFFE,0.07119666048237476,0.07119666048237476,0.07119666048237476
ID_66C8E9A655,0.09096938775510204,0.09096938775510204,0.09096938775510204
ID_DA216AD1EE,0.007272727272727273,0.007272727272727273,0.007272727272727273
ID_161B2E5C48,0.001,0.001,0.001
ID_810E109705,0.5034267843512158,0.5034267843512158,0.5034267843512158
ID_0B25D90862,0.18517676767676766,0.18517676767676766,0.18517676767676766
ID_5DFBD5885C,0.18517676767676766,0.18517676767676766,0.18517676767676766
ID_A1EDC813CA,0.001,0.001,0.001
ID_BC28FF4AAC,0.5647981214798568,0.5647981214798568,0.5647981214798568
ID_0612AB3FC8,0.001,0.001,0.001
ID_4FDAF4B6B2,0.046661577511424204,0.046661577511424204,0.046661577511424204
ID_F5F2B40225,0.015272727272727271,0.015272727272727271,0.015272727272727271
ID_B3944EA4A3,0.015272727272727271,0.015272727272727271,0.015272727272727271
ID_B0C729F568,0.0569144825011713,0.0569144825011713,0.0569144825011713
ID_2C527E3FD9,0.2572514649473255,0.2572514649473255,0.2572514649473255
ID_02B554B1DC,0.007272727272727273,0.007272727272727273,0.007272727272727273
ID_53029D4C63,0.03127516371574097,0.03127516371574097,0.03127516371574097
ID_D74B51178D,0.30587076438140265,0.30587076438140265,0.30587076438140265
ID_CF15ABFA69,0.001,0.001,0.001
ID_9453C6900E,0.18517676767676766,0.18517676767676766,0.18517676767676766
ID_09B7701406,0.0569144825011713,0.0569144825011713,0.0569144825011713
ID_98820A4FD2,0.2628097248685271,0.2628097248685271,0.2628097248685271
ID_9AE57AECF7,0.10062847866419296,0.10062847866419296,0.10062847866419296
ID_060438A1F9,0.001,0.001,0.001
ID_CC328499E0,0.0691232952511148,0.0691232952511148,0.0691232952511148
ID_4EAFEA1700,0.023738705454438857,0.023738705454438857,0.023738705454438857
ID_7A19F1A76D,0.591471363885157,0.591471363885157,0.591471363885157
ID_90ADBE8D44,0.15392676767676766,0.15392676767676766,0.15392676767676766
ID_7A4A4B6116,0.39489087581530724,0.39489087581530724,0.39489087581530724
ID_21E3195C83,0.5781380305518237,0.5781380305518237,0.5781380305518237
ID_BA507E2751,0.0691232952511148,0.0691232952511148,0.0691232952511148
ID_B911E5C8BD,0.03127516371574097,0.03127516371574097,0.03127516371574097
ID_E541DD22C2,0.001,0.001,0.001
ID_7326C068A9,0.06390372981299926,0.06390372981299926,0.06390372981299926
ID_82FB85B65C,0.8904761904761903,0.8904761904761903,0.8904761904761903
ID_83550B0F44,0.015272727272727271,0.015272727272727271,0.015272727272727271
ID_828206AAAF,0.2651300236406619,0.2651300236406619,0.2651300236406619
ID_338365D4FF,0.001,0.001,0.001
ID_CB565D8E46,0.03127516371574097,0.03127516371574097,0.03127516371574097
ID_810711A3B8,0.007272727272727273,0.007272727272727273,0.007272727272727273
ID_780636EE11,0.32881072626643676,0.32881072626643676,0.32881072626643676
ID_9394F8D191,0.007272727272727273,0.007272727272727273,0.007272727272727273
ID_C3716DB5AA,0.13805375180375182,0.13805375180375182,0.13805375180375182
ID_D30ACD86D5,0.046661577511424204,0.046661577511424204,0.046661577511424204
ID_FBF0F75EF5,0.5745297330088843,0.5745297330088843,0.5745297330088843
ID_B8875E9981,0.0569144825011713,0.0569144825011713,0.0569144825011713
ID_A477311ABA,0.01618000223101408,0.01618000223101408,0.01618000223101408
ID_ABD047D25C,0.06390372981299926,0.06390372981299926,0.06390372981299926
ID_A641EFA0D7,0.13805375180375182,0.13805375180375182,0.13805375180375182
ID_2896538B2A,0.07119666048237476,0.07119666048237476,0.07119666048237476
ID_53FB896932,0.022619047619047615,0.022619047619047615,0.022619047619047615
ID_B1F8C2732A,0.001,0.001,0.001
ID_B9D27E11E5,0.39489087581530724,0.39489087581530724,0.39489087581530724
ID_2A8D7A4074,0.04321546222320365,0.04321546222320365,0.04321546222320365
ID_DE27AFD718,0.09096938775510204,0.09096938775510204,0.09096938775510204
ID_E6891D3C1F,0.046661577511424204,0.046661577511424204,0.046661577511424204
ID_FF307F65DA,0.07119666048237476,0.07119666048237476,0.07119666048237476
ID_28A21F4554,0.001,0.001,0.001
ID_0BB0D2AE60,0.0569144825011713,0.0569144825011713,0.0569144825011713
ID_2DCBE0E7C5,0.001,0.001,0.001
ID_2CD100257F,0.001,0.001,0.001
ID_21F588C8AF,0.001,0.001,0.001
ID_83A9163982,0.001,0.001,0.001
ID_FDBD846185,0.001,0.001,0.001
ID_654F715819,0.2548552754435107,0.2548552754435107,0.2548552754435107
ID_DD2DBD626F,0.572361444742256,0.572361444742256,0.572361444742256
ID_420B4D02AC,0.007272727272727273,0.007272727272727273,0.007272727272727273
ID_E1A0CEEB22,0.001,0.001,0.001
ID_026498CC7E,0.022619047619047615,0.022619047619047615,0.022619047619047615
ID_8E0E47419F,0.2651300236406619,0.2651300236406619,0.2651300236406619
ID_A0743B0083,0.03127516371574097,0.03127516371574097,0.03127516371574097
ID_DFBD40412C,0.001,0.001,0.001
ID_A7C967B5FA,0.015272727272727271,0.015272727272727271,0.015272727272727271
ID_FF7ECDE559,0.2651300236406619,0.2651300236406619,0.2651300236406619
ID_54BB9BA620,0.001,0.001,0.001
ID_0332D69317,0.001,0.001,0.001
ID_E6FD2848EC,0.5781380305518237,0.5781380305518237,0.5781380305518237
ID_6ABD0D8686,0.001,0.001,0.001
ID_6988700787,0.001,0.001,0.001
ID_9699ED5669,0.001,0.001,0.001
ID_F57899D81A,0.714047619047619,0.714047619047619,0.714047619047619
ID_97041A0807,0.0569144825011713,0.0569144825011713,0.0569144825011713
ID_547F29C830,0.001,0.001,0.001
ID_9CA23B3E46,0.015272727272727271,0.015272727272727271,0.015272727272727271
ID_F3539E8DC8,0.001,0.001,0.001
ID_44B57254CF,0.06390372981299926,0.06390372981299926,0.06390372981299926
ID_CC55E62D1A,0.5781380305518237,0.5781380305518237,0.5781380305518237
ID_D0761A2909,0.0569144825011713,0.0569144825011713,0.0569144825011713
ID_F6BD8E6437,0.03127516371574097,0.03127516371574097,0.03127516371574097
ID_234183D9C5,0.001,0.001,0.001
ID_3EE2E602F0,0.0569144825011713,0.0569144825011713,0.0569144825011713
ID_BDA82CA136,0.13805375180375182,0.13805375180375182,0.13805375180375182
ID_5311EF65A8,0.18517676767676766,0.18517676767676766,0.18517676767676766
ID_310292BC83,0.016273038970247917,0.016273038970247917,0.016273038970247917
ID_E694F1FFCB,0.046661577511424204,0.046661577511424204,0.046661577511424204
ID_8BB403F176,0.001,0.001,0.001
ID_D27D8AA7B3,0.046661577511424204,0.046661577511424204,0.046661577511424204
ID_54DD2AE999,0.001,0.001,0.001
ID_2E2B72C380,0.13805375180375182,0.13805375180375182,0.13805375180375182
ID_2190646794,0.001,0.001,0.001
ID_9DF3A5E6D7,0.13805375180375182,0.13805375180375182,0.13805375180375182
ID_901552F1D4,0.015272727272727271,0.015272727272727271,0.015272727272727271
ID_8C023167F3,0.001,0.001,0.001
ID_80B205A60C,0.2548552754435107,0.2548552754435107,0.2548552754435107
ID_93179938E8,0.022619047619047615,0.022619047619047615,0.022619047619047615
ID_2A55B9FF44,0.015272727272727271,0.015272727272727271,0.015272727272727271
ID_E8B7ED3EF8,0.06828996191778147,0.06828996191778147,0.06828996191778147
ID_56EF3948D4,0.15392676767676766,0.15392676767676766,0.15392676767676766
ID_CD0C3D285A,0.06390372981299926,0.06390372981299926,0.06390372981299926
ID_E41B4292CA,0.2572868863857599,0.2572868863857599,0.2572868863857599
ID_85F985654B,0.022619047619047615,0.022619047619047615,0.022619047619047615
ID_3A816244FA,0.001,0.001,0.001
ID_566CA30EA5,0.001,0.001,0.001
ID_C0FBA88BBD,0.2651300236406619,0.2651300236406619,0.2651300236406619
ID_A2F39AE73F,0.07119666048237476,0.07119666048237476,0.07119666048237476
ID_F37A0A951A,0.11239287907340881,0.11239287907340881,0.11239287907340881
ID_C677F28B1D,0.48120456212899354,0.48120456212899354,0.48120456212899354
ID_9717049B45,0.5034267843512158,0.5034267843512158,0.5034267843512158
ID_49DC95D845,0.001,0.001,0.001
ID_196DB06A31,0.001,0.001,0.001
ID_196DE26C5B,0.07119666048237476,0.07119666048237476,0.07119666048237476
ID_7A4EFF5311,0.2548552754435107,0.2548552754435107,0.2548552754435107
ID_76329C22FC,0.001,0.001,0.001
ID_04754FAA2E,0.04321546222320365,0.04321546222320365,0.04321546222320365
ID_B089D5A3FF,0.015272727272727271,0.015272727272727271,0.015272727272727271
ID_9FB4F711C6,0.001,0.001,0.001
ID_04C96A023B,0.001,0.001,0.001
ID_027A3A0D01,0.001,0.001,0.001
ID_B01F892381,0.001,0.001,0.001
ID_32B05116F2,0.10652417027417027,0.10652417027417027,0.10652417027417027
ID_0F7DA0DD9A,0.007272727272727273,0.007272727272727273,0.007272727272727273
ID_AF16DC8CB3,0.30587076438140265,0.30587076438140265,0.30587076438140265
ID_59C91CE47A,0.5781380305518237,0.5781380305518237,0.5781380305518237
ID_A27815981B,0.046661577511424204,0.046661577511424204,0.046661577511424204
ID_F6848899A5,0.06390372981299926,0.06390372981299926,0.06390372981299926
ID_49F18FEFE2,0.10062847866419296,0.10062847866419296,0.10062847866419296
ID_DA13AA59D8,0.8904761904761903,0.8904761904761903,0.8904761904761903
ID_938DC017FB,0.10062847866419296,0.10062847866419296,0.10062847866419296
ID_194255034A,0.07119666048237476,0.07119666048237476,0.07119666048237476
ID_083421011D,0.13805375180375182,0.13805375180375182,0.13805375180375182
ID_53F1DC7294,0.046661577511424204,0.046661577511424204,0.046661577511424204
ID_1FAC89DD22,0.015272727272727271,0.015272727272727271,0.015272727272727271
ID_F859B8AFCF,0.007272727272727273,0.007272727272727273,0.007272727272727273
ID_252E38584D,0.001,0.001,0.001
ID_498474B8EB,0.06828996191778147,0.06828996191778147,0.06828996191778147
ID_E9576D2992,0.09096938775510204,0.09096938775510204,0.09096938775510204
ID_F409C78862,0.39489087581530724,0.39489087581530724,0.39489087581530724
ID_5CAAE6D2F1,0.022619047619047615,0.022619047619047615,0.022619047619047615
ID_4D7DE606A5,0.5034267843512158,0.5034267843512158,0.5034267843512158
ID_B357CEF640,0.0691232952511148,0.0691232952511148,0.0691232952511148
ID_79D3AC740C,0.015272727272727271,0.015272727272727271,0.015272727272727271
ID_A74600D60A,0.0569144825011713,0.0569144825011713,0.0569144825011713
ID_D737733AD7,0.015272727272727271,0.015272727272727271,0.015272727272727271
ID_09EF00A230,0.48120456212899354,0.48120456212899354,0.48120456212899354
ID_69CF5C9E52,0.007272727272727273,0.007272727272727273,0.007272727272727273
ID_37FA7846F8,0.015272727272727271,0.015272727272727271,0.015272727272727271
ID_76B3E9055D,0.015272727272727271,0.015272727272727271,0.015272727272727271
ID_09348B1ACD,0.9012324625353632,0.9012324625353632,0.9012324625353632
ID_275D4B2B0C,0.13805375180375182,0.13805375180375182,0.13805375180375182
ID_C26312BFCF,0.007272727272727273,0.007272727272727273,0.007272727272727273
ID_A809102FE2,0.5909633329977677,0.5909633329977677,0.5909633329977677
ID_4B6135F106,0.07119666048237476,0.07119666048237476,0.07119666048237476
ID_CFB1C88770,0.11352272727272728,0.11352272727272728,0.11352272727272728
ID_BD5E8630DC,0.39489087581530724,0.39489087581530724,0.39489087581530724
ID_8E029FDC70,0.13805375180375182,0.13805375180375182,0.13805375180375182
ID_F9488F3703,0.001,0.001,0.001
ID_5EC6B807EC,0.30587076438140265,0.30587076438140265,0.30587076438140265
ID_E75DBD4CAE,0.10062847866419296,0.10062847866419296,0.10062847866419296
ID_9C88E5CE38,0.10062847866419296,0.10062847866419296,0.10062847866419296
ID_3C5BAE072A,0.001,0.001,0.001
ID_10E9B4D3FA,0.1863052281116528,0.1863052281116528,0.1863052281116528
ID_60FA4340AF,0.07119666048237476,0.07119666048237476,0.07119666048237476
ID_B0D5C70969,0.2205034235916589,0.2205034235916589,0.2205034235916589
ID_51EF8A40B5,0.0569144825011713,0.0569144825011713,0.0569144825011713
ID_C61FC509C0,0.5034267843512158,0.5034267843512158,0.5034267843512158
ID_1B8BA0B6DB,0.001,0.001,0.001
ID_C2BFF2D829,0.48120456212899354,0.48120456212899354,0.48120456212899354
ID_C9BE91F034,0.001,0.001,0.001
ID_211FF50D09,0.001,0.001,0.001
ID_319DB9183A,0.001,0.001,0.001
ID_DBCEF9DCA0,0.001,0.001,0.001
ID_F488C5FA0F,0.2066987097869451,0.2066987097869451,0.2066987097869451
ID_A2D2E7528F,0.39185346831726875,0.39185346831726875,0.39185346831726875
ID_C16E77A418,0.06390372981299926,0.06390372981299926,0.06390372981299926
ID_6390A5A9D8,0.15392676767676766,0.15392676767676766,0.15392676767676766
ID_6463DB7B2A,0.18517676767676766,0.18517676767676766,0.18517676767676766
ID_9F7C5E0C5E,0.001,0.001,0.001
ID_FEFCE88362,0.001,0.001,0.001
ID_C2257C5339,0.18517676767676766,0.18517676767676766,0.18517676767676766
ID_7905A343E4,0.015272727272727271,0.015272727272727271,0.015272727272727271
ID_C4A7141BFB,0.03127516371574097,0.03127516371574097,0.03127516371574097
ID_999E78F090,0.0691232952511148,0.0691232952511148,0.0691232952511148
ID_82B1A3FC59,0.022619047619047615,0.022619047619047615,0.022619047619047615
ID_CDE7AD55E4,0.015272727272727271,0.015272727272727271,0.015272727272727271
ID_56490280E5,0.2205034235916589,0.2205034235916589,0.2205034235916589
ID_3C17228FC4,0.001,0.001,0.001
ID_98D6ED6B3C,0.10652417027417027,0.10652417027417027,0.10652417027417027
ID_3FFE502806,0.0569144825011713,0.0569144825011713,0.0569144825011713
ID_8F89F25228,0.001,0.001,0.001
ID_0666F6F2C9,0.001,0.001,0.001
ID_917F77B43C,0.0569144825011713,0.0569144825011713,0.0569144825011713
ID_172FB90330,0.015272727272727271,0.015272727272727271,0.015272727272727271
ID_9AA0D55EB3,0.001,0.001,0.001
ID_0F75706CEE,0.023621553884711776,0.023621553884711776,0.023621553884711776
ID_0A6905D898,0.9551114486962611,0.9551114486962611,0.9551114486962611
ID_7109B6F2F2,0.001,0.001,0.001
ID_BBD353E5BD,0.007272727272727273,0.007272727272727273,0.007272727272727273
ID_9D6C4FDB42,0.0691232952511148,0.0691232952511148,0.0691232952511148
ID_C75DFF60AC,0.2548552754435107,0.2548552754435107,0.2548552754435107
ID_2137B7882E,0.0569144825011713,0.0569144825011713,0.0569144825011713
ID_9B3BEB4F02,0.5311481912539231,0.5311481912539231,0.5311481912539231
ID_85E468BC8A,0.022619047619047615,0.022619047619047615,0.022619047619047615
ID_00ABF260DA,0.3265681793900619,0.3265681793900619,0.3265681793900619
ID_30E89F23A0,0.40673175950978846,0.40673175950978846,0.40673175950978846
ID_7C4C2CDF87,0.3351671654578963,0.3351671654578963,0.3351671654578963
ID_4AA11252F3,0.015272727272727271,0.015272727272727271,0.015272727272727271
ID_E3D83070B9,0.5034267843512158,0.5034267843512158,0.5034267843512158
ID_0EBF267C14,0.8904761904761903,0.8904761904761903,0.8904761904761903
ID_77C53BC9E9,0.001,0.001,0.001
ID_A699693439,0.18517676767676766,0.18517676767676766,0.18517676767676766
ID_27DD380B11,0.007272727272727273,0.007272727272727273,0.007272727272727273
ID_C398C973C6,0.5034267843512158,0.5034267843512158,0.5034267843512158
ID_3A147ED22B,0.5781380305518237,0.5781380305518237,0.5781380305518237
ID_1A8B3E4193,0.06894178600955407,0.06894178600955407,0.06894178600955407
ID_0894955C06,0.001,0.001,0.001
ID_2F88FB3077,0.015272727272727271,0.015272727272727271,0.015272727272727271
ID_14F128AAE4,0.2572868863857599,0.2572868863857599,0.2572868863857599
ID_7809A29BDB,0.07119666048237476,0.07119666048237476,0.07119666048237476
ID_A5F65A4901,0.3312476887651184,0.3312476887651184,0.3312476887651184
ID_5338DA2A11,0.2572868863857599,0.2572868863857599,0.2572868863857599
ID_26D29C2717,0.015272727272727271,0.015272727272727271,0.015272727272727271
ID_8A879D9128,0.24261150412246124,0.24261150412246124,0.24261150412246124
ID_4F9A45158B,0.001,0.001,0.001
ID_BA141EADC9,0.001,0.001,0.001
ID_874FBDDDD5,0.5034267843512158,0.5034267843512158,0.5034267843512158
ID_AC23BEC6F5,0.30587076438140265,0.30587076438140265,0.30587076438140265
ID_BC3F711BB5,0.001,0.001,0.001
ID_8E8B92017F,0.06390372981299926,0.06390372981299926,0.06390372981299926
ID_8EBADE5B86,0.0569144825011713,0.0569144825011713,0.0569144825011713
ID_64177DCE23,0.3946425386461747,0.3946425386461747,0.3946425386461747
ID_9FF6FD957F,0.39489087581530724,0.39489087581530724,0.39489087581530724
ID_1864F7B24D,0.015272727272727271,0.015272727272727271,0.015272727272727271
ID_CC492301B2,0.001,0.001,0.001
ID_F7FE1BF33F,0.32424683275747107,0.32424683275747107,0.32424683275747107
ID_472EB7EC67,0.33807361069004227,0.33807361069004227,0.33807361069004227
ID_57CA70C165,0.06390372981299926,0.06390372981299926,0.06390372981299926
ID_35E2B45E39,0.07119666048237476,0.07119666048237476,0.07119666048237476
ID_BC3ABE5037,0.8904761904761903,0.8904761904761903,0.8904761904761903
ID_6B5A9A11EF,0.48120456212899354,0.48120456212899354,0.48120456212899354
ID_CF0CB6D9B6,0.10062847866419296,0.10062847866419296,0.10062847866419296
ID_F165B491BB,0.5034267843512158,0.5034267843512158,0.5034267843512158
ID_7C5EB3AC05,0.6582372527745519,0.6582372527745519,0.6582372527745519
ID_A3139354EB,0.06390372981299926,0.06390372981299926,0.06390372981299926
ID_FA87AAF78F,0.022619047619047615,0.022619047619047615,0.022619047619047615
ID_9278EF1906,0.627359528326483,0.627359528326483,0.627359528326483
ID_1DA8AA45E6,0.07119666048237476,0.07119666048237476,0.07119666048237476
ID_E0712012ED,0.04321546222320365,0.04321546222320365,0.04321546222320365
ID_4D63BBBBCB,0.38892494865923777,0.38892494865923777,0.38892494865923777
ID_D2B9E7BB9D,0.001,0.001,0.001
ID_BA4CD91CDE,0.8904761904761903,0.8904761904761903,0.8904761904761903
ID_25CA40537B,0.2651300236406619,0.2651300236406619,0.2651300236406619
ID_A29554F16E,0.046661577511424204,0.046661577511424204,0.046661577511424204
ID_802FC9A5B7,0.0569144825011713,0.0569144825011713,0.0569144825011713
ID_F633EBCC0A,0.2061528966121505,0.2061528966121505,0.2061528966121505
ID_5AEE42539F,0.0691232952511148,0.0691232952511148,0.0691232952511148
ID_6A8847072A,0.046661577511424204,0.046661577511424204,0.046661577511424204
ID_62EF54BBEA,0.8904761904761903,0.8904761904761903,0.8904761904761903
ID_4CC0BC6B15,0.2619447343651814,0.2619447343651814,0.2619447343651814
ID_78F1E6D0BF,0.10062847866419296,0.10062847866419296,0.10062847866419296
ID_E5A07BD659,0.8076984126984126,0.8076984126984126,0.8076984126984126
ID_8A01982951,0.001,0.001,0.001
ID_DF1D757D6C,0.007272727272727273,0.007272727272727273,0.007272727272727273
ID_5F825B336D,0.001,0.001,0.001
ID_A08C4FD715,0.001,0.001,0.001
ID_61A3EF8DE2,0.001,0.001,0.001
ID_71732A3A08,0.10652417027417027,0.10652417027417027,0.10652417027417027
ID_3CFBC73F5A,0.001,0.001,0.001
ID_F1509A4555,0.001,0.001,0.001
ID_5D89F52F67,0.2548552754435107,0.2548552754435107,0.2548552754435107
ID_1BD5A884E5,0.015272727272727271,0.015272727272727271,0.015272727272727271
ID_D48CD23F33,0.015272727272727271,0.015272727272727271,0.015272727272727271
ID_3020A53E79,0.001,0.001,0.001
ID_87880F364E,0.046661577511424204,0.046661577511424204,0.046661577511424204
ID_BC0A803662,0.023621553884711776,0.023621553884711776,0.023621553884711776
ID_2CC066017A,0.2566777076841019,0.2566777076841019,0.2566777076841019
ID_D0142FBB23,0.40720857108332814,0.40720857108332814,0.40720857108332814
ID_09AFB973C1,0.48120456212899354,0.48120456212899354,0.48120456212899354
ID_5279950374,0.02036796536796537,0.02036796536796537,0.02036796536796537
ID_3D77342F81,0.001,0.001,0.001
ID_0D7E5BEAB6,0.022619047619047615,0.022619047619047615,0.022619047619047615
ID_7A9C8C5463,0.23851228009048614,0.23851228009048614,0.23851228009048614
ID_71BCCE3533,0.18517676767676766,0.18517676767676766,0.18517676767676766
ID_A3A24C9783,0.9926952398266458,0.9926952398266458,0.9926952398266458
ID_6F05CC901E,0.2651300236406619,0.2651300236406619,0.2651300236406619
ID_127CA12CB7,0.0569144825011713,0.0569144825011713,0.0569144825011713
ID_CB51C49E57,0.001,0.001,0.001
ID_A923433217,0.13805375180375182,0.13805375180375182,0.13805375180375182
ID_1813CFA30F,0.001,0.001,0.001
ID_64246F76D9,0.001,0.001,0.001
ID_CA1912D47B,0.0569144825011713,0.0569144825011713,0.0569144825011713
ID_F98AB7E9F1,0.5781380305518237,0.5781380305518237,0.5781380305518237
ID_4937D1D92D,0.022619047619047615,0.022619047619047615,0.022619047619047615
ID_04BA00A83B,0.7553174603174603,0.7553174603174603,0.7553174603174603
ID_F43FCF3FA0,0.2651300236406619,0.2651300236406619,0.2651300236406619
ID_C755C9B083,0.023621553884711776,0.023621553884711776,0.023621553884711776
ID_4417BFA26D,0.02036796536796537,0.02036796536796537,0.02036796536796537
ID_8729C38399,0.0569144825011713,0.0569144825011713,0.0569144825011713
ID_70526CBEC5,0.39489087581530724,0.39489087581530724,0.39489087581530724
ID_3678A51EAF,0.046661577511424204,0.046661577511424204,0.046661577511424204
ID_F434F82047,0.32424683275747107,0.32424683275747107,0.32424683275747107
ID_E3D24CE540,0.001,0.001,0.001
ID_945158EEC2,0.001,0.001,0.001
ID_4C42F1AC69,0.046661577511424204,0.046661577511424204,0.046661577511424204
ID_C15CA07ADA,0.2572868863857599,0.2572868863857599,0.2572868863857599
ID_03E0AC2908,0.999,0.999,0.999
ID_E4D5B4B707,0.022619047619047615,0.022619047619047615,0.022619047619047615
ID_46CF59AA8A,0.001,0.001,0.001
ID_42F5E9A3F2,0.001,0.001,0.001
ID_44AD6F00DE,0.023621553884711776,0.023621553884711776,0.023621553884711776
ID_52EDDA24F7,0.046661577511424204,0.046661577511424204,0.046661577511424204
ID_2E1BCBFCBF,0.8904761904761903,0.8904761904761903,0.8904761904761903
ID_9F4E938A47,0.0691232952511148,0.0691232952511148,0.0691232952511148
ID_A709DA2F2A,0.10062847866419296,0.10062847866419296,0.10062847866419296
ID_79012B6B68,0.10652417027417027,0.10652417027417027,0.10652417027417027
ID_C8F14C44DC,0.10062847866419296,0.10062847866419296,0.10062847866419296
ID_27410ED324,0.2066987097869451,0.2066987097869451,0.2066987097869451
ID_97253B9438,0.09006948290635237,0.09006948290635237,0.09006948290635237
ID_B7FA87299F,0.04321546222320365,0.04321546222320365,0.04321546222320365
ID_D52E2CAC31,0.022619047619047615,0.022619047619047615,0.022619047619047615
ID_4963C35B2F,0.2066987097869451,0.2066987097869451,0.2066987097869451
ID_347072F87D,0.43943406761766346,0.43943406761766346,0.43943406761766346
ID_6B4D3CEDFC,0.0691232952511148,0.0691232952511148,0.0691232952511148
ID_9FB3C581D3,0.001,0.001,0.001
ID_C0F3F4F77D,0.06828996191778147,0.06828996191778147,0.06828996191778147
ID_175619B48C,0.001,0.001,0.001
ID_77C773AF74,0.015272727272727271,0.015272727272727271,0.015272727272727271
ID_B73250FC09,0.001,0.001,0.001
ID_57A2238465,0.10652417027417027,0.10652417027417027,0.10652417027417027
ID_AECF43CD18,0.39489087581530724,0.39489087581530724,0.39489087581530724
ID_D89C4ED3A0,0.0569144825011713,0.0569144825011713,0.0569144825011713
ID_1D0F6CAEEB,0.023621553884711776,0.023621553884711776,0.023621553884711776
ID_94F06F580C,0.07119666048237476,0.07119666048237476,0.07119666048237476
ID_4481861595,0.2548552754435107,0.2548552754435107,0.2548552754435107
ID_84124ACEA1,0.2548552754435107,0.2548552754435107,0.2548552754435107
ID_E848D43658,0.001,0.001,0.001
ID_BF64CD38FE,0.007272727272727273,0.007272727272727273,0.007272727272727273
ID_71C0483C2B,0.09096938775510204,0.09096938775510204,0.09096938775510204
ID_9F26AEC5B8,0.5781380305518237,0.5781380305518237,0.5781380305518237
ID_6D809D966A,0.015272727272727271,0.015272727272727271,0.015272727272727271
ID_AA5B85A96D,0.13805375180375182,0.13805375180375182,0.13805375180375182
ID_F386B8CD27,0.8904761904761903,0.8904761904761903,0.8904761904761903
ID_2B5C018F75,0.001,0.001,0.001
ID_858C001E32,0.06390372981299926,0.06390372981299926,0.06390372981299926
ID_C643F9E3C1,0.07119666048237476,0.07119666048237476,0.07119666048237476
ID_640706B33B,0.0569144825011713,0.0569144825011713,0.0569144825011713
ID_572E5F5420,0.001,0.001,0.001
ID_DCB8D91836,0.04321546222320365,0.04321546222320365,0.04321546222320365
ID_0BD32B363E,0.09096938775510204,0.09096938775510204,0.09096938775510204
ID_F6FF3FF5FF,0.48120456212899354,0.48120456212899354,0.48120456212899354
ID_F2039AEC86,0.001,0.001,0.001
ID_6FC47ACC56,0.001,0.001,0.001
ID_70EF9E9181,0.9672937619543587,0.9672937619543587,0.9672937619543587
ID_46414D2928,0.0569144825011713,0.0569144825011713,0.0569144825011713
ID_575C275559,0.001,0.001,0.001
ID_82A611612B,0.022619047619047615,0.022619047619047615,0.022619047619047615
ID_98C836852E,0.07119666048237476,0.07119666048237476,0.07119666048237476
ID_15EBF82D5A,0.10062847866419296,0.10062847866419296,0.10062847866419296
ID_798AA21A00,0.999,0.999,0.999
ID_38D8F23CF1,0.001,0.001,0.001
ID_8C80CDE4E3,0.0569144825011713,0.0569144825011713,0.0569144825011713
ID_984C40E884,0.046661577511424204,0.046661577511424204,0.046661577511424204
ID_2050D997F3,0.001,0.001,0.001
ID_3BE0582BD6,0.18517676767676766,0.18517676767676766,0.18517676767676766
ID_2196838129,0.15392676767676766,0.15392676767676766,0.15392676767676766
ID_A537B777B0,0.001,0.001,0.001
ID_81329889DC,0.999,0.999,0.999
ID_E4DD0FC91C,0.2651300236406619,0.2651300236406619,0.2651300236406619
ID_404CC3B26C,0.023775163715740965,0.023775163715740965,0.023775163715740965
ID_424FD558A2,0.39489087581530724,0.39489087581530724,0.39489087581530724
ID_4E63094C74,0.001,0.001,0.001
ID_32C812B15B,0.15392676767676766,0.15392676767676766,0.15392676767676766
ID_DE095153EB,0.8118915858670375,0.8118915858670375,0.8118915858670375
ID_68096A5F84,0.0569144825011713,0.0569144825011713,0.0569144825011713
ID_197D523201,0.31532366310487825,0.31532366310487825,0.31532366310487825
ID_E243F639DE,0.18517676767676766,0.18517676767676766,0.18517676767676766
ID_987A4B6708,0.015272727272727271,0.015272727272727271,0.015272727272727271
ID_1A69617272,0.2651300236406619,0.2651300236406619,0.2651300236406619
ID_0EAC9EF34F,0.10062847866419296,0.10062847866419296,0.10062847866419296
ID_1053704AAD,0.06828996191778147,0.06828996191778147,0.06828996191778147
ID_8DD821FBA1,0.14034918248150122,0.14034918248150122,0.14034918248150122
ID_1AD5663772,0.001,0.001,0.001
ID_B0D994DB07,0.001,0.001,0.001
ID_9B66F0A90F,0.001,0.001,0.001
ID_D41408D94C,0.001,0.001,0.001
ID_511B2A0F97,0.2651300236406619,0.2651300236406619,0.2651300236406619
ID_9C6648E8D7,0.007272727272727273,0.007272727272727273,0.007272727272727273
ID_4DC86FFBDF,0.001,0.001,0.001
ID_D4C99E6431,0.18517676767676766,0.18517676767676766,0.18517676767676766
ID_566F4CBF81,0.023775163715740965,0.023775163715740965,0.023775163715740965
ID_74B9020B71,0.007272727272727273,0.007272727272727273,0.007272727272727273
ID_62FDC0B07B,0.8904761904761903,0.8904761904761903,0.8904761904761903
ID_65A11C2DDA,0.015272727272727271,0.015272727272727271,0.015272727272727271
ID_75433F2F56,0.001,0.001,0.001
ID_6A38FE9ECB,0.001,0.001,0.001
ID_120282AF13,0.001,0.001,0.001
ID_1F189EDA3B,0.0569144825011713,0.0569144825011713,0.0569144825011713
ID_799F416351,0.001,0.001,0.001
ID_1C34E6FEF6,0.10652417027417027,0.10652417027417027,0.10652417027417027
ID_B5B3F31BB9,0.022619047619047615,0.022619047619047615,0.022619047619047615
ID_64E591FD87,0.001,0.001,0.001
ID_C2DD7405D4,0.04321546222320365,0.04321546222320365,0.04321546222320365
ID_A3D7E0FF04,0.15392676767676766,0.15392676767676766,0.15392676767676766
ID_71BC6B2101,0.10062847866419296,0.10062847866419296,0.10062847866419296
ID_E28EBC778C,0.04321546222320365,0.04321546222320365,0.04321546222320365
ID_A152EA8FB0,0.001,0.001,0.001
ID_3D634BE010,0.007272727272727273,0.007272727272727273,0.007272727272727273
ID_E8EAFA5544,0.10062847866419296,0.10062847866419296,0.10062847866419296
ID_2F4B0D1B15,0.015272727272727271,0.015272727272727271,0.015272727272727271
ID_92DAF4559D,0.13805375180375182,0.13805375180375182,0.13805375180375182
ID_07AFFAE135,0.2205034235916589,0.2205034235916589,0.2205034235916589
ID_4E34992F92,0.016305313243387097,0.016305313243387097,0.016305313243387097
ID_5F89821A28,0.007272727272727273,0.007272727272727273,0.007272727272727273
ID_A8958E8BC2,0.022619047619047615,0.022619047619047615,0.022619047619047615
ID_0819393943,0.15392676767676766,0.15392676767676766,0.15392676767676766
ID_ED6A1D744A,0.03127516371574097,0.03127516371574097,0.03127516371574097
ID_2408FC58DA,0.07119666048237476,0.07119666048237476,0.07119666048237476
ID_05DAA60254,0.2066987097869451,0.2066987097869451,0.2066987097869451
ID_2A8E1A5F3A,0.023621553884711776,0.023621553884711776,0.023621553884711776
ID_BB86DD90EA,0.0691232952511148,0.0691232952511148,0.0691232952511148
ID_72B080F26E,0.001,0.001,0.001
ID_27E4F17A1A,0.023621553884711776,0.023621553884711776,0.023621553884711776
ID_0AEE8EDD3A,0.001,0.001,0.001
ID_E4D428F51C,0.5034267843512158,0.5034267843512158,0.5034267843512158
ID_053D6F7ADE,0.06390372981299926,0.06390372981299926,0.06390372981299926
ID_B1151547BE,0.001,0.001,0.001
ID_8545A01D87,0.10652417027417027,0.10652417027417027,0.10652417027417027
ID_F977469997,0.0569144825011713,0.0569144825011713,0.0569144825011713
ID_16DD0AD1E2,0.007272727272727273,0.007272727272727273,0.007272727272727273
ID_790880D09D,0.2572868863857599,0.2572868863857599,0.2572868863857599
ID_A0B6A0D606,0.10062847866419296,0.10062847866419296,0.10062847866419296
ID_F656DB4428,0.0569144825011713,0.0569144825011713,0.0569144825011713
ID_71E590CF7F,0.15392676767676766,0.15392676767676766,0.15392676767676766
ID_EDFF55E23C,0.001,0.001,0.001
ID_9675CE4111,0.001,0.001,0.001
ID_B37D9C90EB,0.007272727272727273,0.007272727272727273,0.007272727272727273
ID_03AA80585D,0.18517676767676766,0.18517676767676766,0.18517676767676766
ID_3AB580B11B,0.022619047619047615,0.022619047619047615,0.022619047619047615
ID_1291F42C5B,0.48615891836697733,0.48615891836697733,0.48615891836697733
ID_E588BE5422,0.001,0.001,0.001
